week_start,access / supply barrier,financial / insurance barrier,lack of effectiveness / plateau,medical or life-event interruption,side effects / tolerability,treatment transition,voluntary / preference-based discontinuation,date,wegovy_total,wegovy_leavers,wegovy_new,ozempic_new,wegovy_leavers,ozempic_leavers,wegovy_se,ozempic_se,total_shortage,wegovy_shortage,ozempic_shortage,total_all
2022-04-22,0.0,3.0,0.0,0.0,3.0,0.0,0.0,2022-04-22,29.52,0.0,3.386003139206892,26.674411093566363,0.0,0.0,15,172,40.0,26.0,34.0,960
2022-04-29,1.0,0.0,0.0,0.0,0.0,0.0,0.0,2022-04-29,29.72,2.946140854102552,3.146140854102555,27.149979915472457,2.946140854102552,13.32997991547245,78,199,23.0,14.0,16.0,857
2022-05-06,3.0,3.0,0.0,1.0,0.0,0.0,1.0,2022-05-06,28.67,3.376198362598828,2.3261983625988307,27.40975404425004,3.376198362598828,18.25975404425003,29,272,39.0,21.0,25.0,764
2022-05-13,3.0,1.0,0.0,0.0,1.0,0.0,0.0,2022-05-13,27.66,3.138945182929316,2.1289451829293142,28.335340282776286,3.138945182929316,21.525340282776313,14,163,38.0,31.0,19.0,873
2022-05-20,3.0,2.0,0.0,0.0,2.0,0.0,0.0,2022-05-20,27.66,1.6625077375246775,1.6625077375246775,28.97438723803297,1.6625077375246775,24.544387238032986,6,238,50.0,31.0,32.0,1018
2022-05-27,6.0,0.0,0.0,0.0,0.0,0.0,0.0,2022-05-27,27.35,1.5835427260910926,1.273542726091094,30.00371868536884,1.5835427260910926,24.33371868536892,8,119,57.0,41.0,35.0,960
2022-06-03,4.0,4.0,1.0,0.0,0.0,0.0,0.0,2022-06-03,26.0,2.7633432279261783,1.4133432279261768,31.33874207060586,2.7633432279261783,26.838742070605917,3,704,72.0,46.0,42.0,998
2022-06-10,3.0,1.0,0.0,0.0,0.0,0.0,0.0,2022-06-10,24.09,3.171484043250633,1.261484043250633,32.39329909436705,3.171484043250633,29.713299094367017,7,191,43.0,27.0,27.0,1021
2022-06-17,5.0,1.0,0.0,0.0,2.0,0.0,0.0,2022-06-17,23.13,2.157262986652235,1.197262986652234,31.629126624023883,2.157262986652235,34.43912662402397,13,99,35.0,22.0,20.0,957
2022-06-24,0.0,1.0,1.0,0.0,1.0,0.0,0.0,2022-06-24,22.2,1.993737775988599,1.0637377759885993,32.797639723889176,1.993737775988599,29.797639723889233,2,76,32.0,15.0,17.0,1005
2022-07-01,2.0,3.0,0.0,0.0,1.0,0.0,0.0,2022-07-01,20.25,2.8672892798789995,0.9172892798790002,33.29039264232611,2.8672892798789995,31.650392642326096,3,671,42.0,19.0,24.0,1125
2022-07-08,4.0,4.0,0.0,0.0,0.0,0.0,0.0,2022-07-08,21.16,0.0758404017254257,0.985840401725426,33.84545949572585,0.0758404017254257,23.8354594957259,1,233,49.0,25.0,28.0,1027
2022-07-15,3.0,2.0,0.0,0.0,3.0,0.0,0.0,2022-07-15,20.64,1.4983085633477948,0.9783085633477951,35.506919335748194,1.4983085633477948,27.036919335748166,0,88,77.0,42.0,37.0,1417
2022-07-22,3.0,3.0,0.0,0.0,1.0,0.0,0.0,2022-07-22,19.59,2.180679620809702,1.1306796208097012,33.53125771879483,2.180679620809702,41.141257718794805,8,164,73.0,35.0,43.0,1826
2022-07-29,5.0,4.0,0.0,1.0,1.0,0.0,0.0,2022-07-29,19.61,1.0414488148096517,1.0614488148096513,33.38116900394614,1.0414488148096517,47.16116900394616,3,108,80.0,34.0,48.0,1496
2022-08-05,5.0,1.0,1.0,0.0,1.0,1.0,0.0,2022-08-05,18.08,2.5162105093821197,0.9862105093821184,33.26218315120735,2.5162105093821197,41.28218315120739,55,346,89.0,40.0,63.0,1661
2022-08-12,3.0,3.0,2.0,0.0,3.0,0.0,0.0,2022-08-12,18.13,0.9369486781561812,0.9869486781561818,32.970290614309405,0.9369486781561812,41.51029061430944,2,102,107.0,34.0,68.0,1919
2022-08-19,6.0,4.0,0.0,2.0,1.0,0.0,3.0,2022-08-19,18.56,0.6268885371008039,1.0568885371008037,33.17545695587452,0.6268885371008039,37.02545695587452,81,139,139.0,54.0,89.0,2064
2022-08-26,1.0,0.0,0.0,0.0,1.0,0.0,0.0,2022-08-26,18.61,0.9296652384374332,0.979665238437434,31.36624236583724,0.9296652384374332,29.75624236583718,0,274,102.0,43.0,48.0,1923
2022-09-02,3.0,2.0,1.0,0.0,2.0,0.0,0.0,2022-09-02,18.61,0.8399066416849195,0.8399066416849195,31.223539767700387,0.8399066416849195,28.383539767700427,3,359,87.0,34.0,52.0,2126
2022-09-09,7.0,2.0,0.0,0.0,0.0,0.0,0.0,2022-09-09,17.9,1.6226833446625832,0.9126833446625824,31.67363834352093,1.6226833446625832,23.153638343520925,0,125,106.0,25.0,65.0,2054
2022-09-16,1.0,1.0,0.0,0.0,3.0,0.0,0.0,2022-09-16,18.34,0.5462857012963518,0.9862857012963532,32.88451798400189,0.5462857012963518,38.31451798400178,18,207,135.0,38.0,80.0,2372
2022-09-23,4.0,2.0,1.0,0.0,1.0,0.0,0.0,2022-09-23,18.63,0.6962788838297271,0.9862788838297264,32.525889318615214,0.6962788838297271,33.99588931861524,0,148,125.0,40.0,64.0,2542
2022-09-30,3.0,0.0,0.0,0.0,1.0,0.0,0.0,2022-09-30,17.6,2.0903943697735023,1.0603943697735048,32.280437212731144,2.0903943697735023,32.55043721273114,19,302,96.0,25.0,50.0,2737
2022-10-07,5.0,2.0,0.0,0.0,2.0,0.0,0.0,2022-10-07,17.14,1.4477038982630788,0.987703898263078,32.56432041938508,1.4477038982630788,30.464320419385103,13,632,90.0,24.0,63.0,2725
2022-10-14,5.0,4.0,0.0,0.0,1.0,0.0,0.0,2022-10-14,17.13,1.2059093681527138,1.1959093681527122,33.27777921724997,1.2059093681527138,29.077779217250058,2,271,122.0,45.0,60.0,3112
2022-10-21,8.0,5.0,1.0,0.0,1.0,0.0,0.0,2022-10-21,17.84,0.5582971569938806,1.2682971569938817,33.187,0.5582971569938806,37.976999999999975,7,164,161.0,50.0,83.0,3732
2022-10-28,1.0,3.0,2.0,2.0,3.0,0.0,0.0,2022-10-28,17.32,1.3934399999999982,0.87344,35.236,1.3934399999999982,55.79599999999999,16,111,193.0,85.0,97.0,3535
2022-11-04,3.0,2.0,0.0,0.0,2.0,0.0,0.0,2022-11-04,16.6,1.8292499999999985,1.10925,35.551,1.8292499999999985,46.21099999999995,10,747,198.0,60.0,81.0,3561
2022-11-11,0.0,4.0,1.0,0.0,3.0,0.0,0.0,2022-11-11,16.6,1.2161100000000005,1.21611,36.26,1.2161100000000005,41.36000000000007,3,168,307.0,80.0,119.0,3908
2022-11-18,1.0,1.0,1.0,0.0,1.0,0.0,0.0,2022-11-18,16.61,1.2644600000000032,1.27446,37.363,1.2644600000000032,41.83299999999997,11,139,235.0,74.0,101.0,4225
2022-11-25,3.0,2.0,0.0,0.0,2.0,0.0,0.0,2022-11-25,17.1,0.8497899999999987,1.33979,37.915,0.8497899999999987,31.635000000000048,8,87,394.0,94.0,173.0,4177
2022-12-02,3.0,3.0,0.0,0.0,1.0,0.0,1.0,2022-12-02,16.61,1.7637500000000017,1.27375,37.442,1.7637500000000017,35.382000000000005,18,622,370.0,109.0,158.0,4166
2022-12-09,2.0,1.0,0.0,1.0,3.0,0.0,0.0,2022-12-09,17.14,0.6748399999999997,1.20484,34.763,0.6748399999999997,33.29299999999995,2,366,539.0,112.0,212.0,5314
2022-12-16,4.0,0.0,0.0,0.0,4.0,0.0,0.0,2022-12-16,17.6,0.8838699999999982,1.34387,31.453,0.8838699999999982,23.793000000000006,12,112,478.0,111.0,169.0,4293
2022-12-23,1.0,1.0,1.0,0.0,3.0,0.0,0.0,2022-12-23,17.64,1.393740000000001,1.43374,30.193,1.393740000000001,20.64300000000003,6,156,413.0,87.0,168.0,4187
2022-12-30,2.0,0.0,1.0,0.0,3.0,1.0,0.0,2022-12-30,16.1,3.1225699999999996,1.58257,31.296,3.1225699999999996,31.166000000000057,2,165,344.0,113.0,136.0,4236
2023-01-06,1.0,0.0,0.0,0.0,3.0,0.0,1.0,2023-01-06,17.05,1.5032999999999994,2.4533,33.817,1.5032999999999994,29.42700000000002,810,1279,360.0,113.0,151.0,5090
2023-01-13,5.0,2.0,0.0,0.0,2.0,0.0,0.0,2023-01-13,17.6,6.512560000000001,7.06256,33.90200968827809,6.512560000000001,28.36200968827808,45,135,311.0,96.0,135.0,5356
2023-01-20,0.0,0.0,1.0,0.0,4.0,0.0,0.0,2023-01-20,17.6,16.571112869999553,16.571112869999553,33.56253893111997,16.571112869999553,31.802538931119955,15,125,375.0,152.0,165.0,5396
2023-01-27,2.0,5.0,0.0,0.0,5.0,0.0,0.0,2023-01-27,17.98,19.626160694994613,20.00616069499461,34.003830972323165,19.626160694994613,31.153830972323192,46,165,354.0,98.0,170.0,5794
2023-02-03,0.0,1.0,0.0,0.0,1.0,0.0,1.0,2023-02-03,21.87,17.95997892351127,21.84997892351127,36.46753717438111,17.95997892351127,30.567537174381073,229,622,373.0,113.0,183.0,6344
2023-02-10,0.0,2.0,2.0,0.0,1.0,0.0,0.0,2023-02-10,27.96,17.47412618416488,23.56412618416488,42.1641202143171,17.47412618416488,35.944120214317195,30,100,264.0,85.0,128.0,5844
2023-02-17,3.0,1.0,1.0,1.0,2.0,0.0,0.0,2023-02-17,35.76,17.386990162430756,25.18699016243075,42.729223062455794,17.386990162430756,36.70922306245586,45,329,251.0,89.0,131.0,5504
2023-02-24,5.0,2.0,0.0,0.0,1.0,0.0,1.0,2023-02-24,40.23,22.02602169596245,26.49602169596245,48.20548672784463,22.02602169596245,43.39548672784463,96,212,284.0,84.0,145.0,6252
2023-03-03,3.0,5.0,0.0,2.0,4.0,0.0,2.0,2023-03-03,45.04,22.67126612524965,27.48126612524965,52.86098026788165,22.67126612524965,52.83098026788173,68,849,298.0,99.0,139.0,5820
2023-03-10,2.0,4.0,1.0,0.0,4.0,0.0,1.0,2023-03-10,51.9,21.312656779124033,28.17265677912403,57.33666744885864,21.312656779124033,53.90666744885857,65,174,191.0,65.0,72.0,5963
2023-03-17,0.0,4.0,0.0,0.0,4.0,0.0,1.0,2023-03-17,58.17,23.418878120841285,29.688878120841284,61.378564613371104,23.418878120841285,57.83856461337109,56,316,214.0,85.0,102.0,5795
2023-03-24,6.0,4.0,0.0,0.0,2.0,1.0,0.0,2023-03-24,62.98,25.876733957840703,30.686733957840698,63.20429483501491,25.876733957840703,64.65429483501498,91,81,183.0,40.0,69.0,6093
2023-03-31,2.0,3.0,0.0,0.0,5.0,0.0,0.0,2023-03-31,67.92,26.18090447347376,31.12090447347376,63.336773287110304,26.18090447347376,62.9667732871103,40,221,253.0,77.0,113.0,6405
2023-04-07,1.0,10.0,0.0,0.0,6.0,0.0,0.0,2023-04-07,75.27,24.730241215299245,32.08024121529924,62.59568532823121,24.730241215299245,62.355685328231175,108,774,228.0,51.0,92.0,6173
2023-04-14,0.0,9.0,0.0,0.0,3.0,0.0,0.0,2023-04-14,81.62,26.85913079790797,33.209130797907974,61.36745110994153,26.85913079790797,59.187451109941435,132,92,259.0,67.0,161.0,6329
2023-04-21,0.0,8.0,2.0,0.0,5.0,0.0,0.0,2023-04-21,86.18,28.91520810531378,33.475208105313776,60.41430969618849,28.91520810531378,57.63430969618855,112,130,248.0,67.0,111.0,6986
2023-04-28,2.0,4.0,3.0,2.0,9.0,0.0,0.0,2023-04-28,91.73,29.488453579934955,35.03845357993495,60.59677163014009,29.488453579934955,59.076771630140115,34,285,275.0,69.0,130.0,7369
2023-05-05,1.0,5.0,1.0,1.0,14.0,0.0,0.0,2023-05-05,98.61,29.883716567408456,36.76371656740845,61.8519544826106,29.883716567408456,57.95195448261063,124,918,261.0,75.0,123.0,7117
2023-05-12,1.0,4.0,0.0,0.0,3.0,0.0,0.0,2023-05-12,103.62,32.403131002640464,37.41313100264048,64.15074958031882,32.403131002640464,62.45074958031876,80,199,253.0,114.0,102.0,7574
2023-05-19,8.0,5.0,2.0,2.0,6.0,0.0,0.0,2023-05-19,109.27,29.732690707491216,35.382690707491214,66.53406279463665,29.732690707491216,63.03406279463661,84,321,303.0,135.0,111.0,7190
2023-05-26,10.0,8.0,1.0,0.0,6.0,0.0,0.0,2023-05-26,114.2,26.14536433998346,31.07536433998348,68.12192098589512,26.14536433998346,65.33192098589518,57,217,424.0,225.0,130.0,8004
2023-06-02,24.0,4.0,2.0,1.0,6.0,0.0,1.0,2023-06-02,122.62,15.20323095987962,23.62323095987961,68.85748822806657,15.20323095987962,64.92748822806652,195,843,486.0,241.0,149.0,7680
2023-06-09,26.0,4.0,1.0,0.0,5.0,0.0,2.0,2023-06-09,131.15,8.000357496313256,16.530357496313254,67.61688055656829,8.000357496313256,64.76688055656837,51,90,577.0,344.0,128.0,7738
2023-06-16,42.0,10.0,1.0,0.0,3.0,0.0,0.0,2023-06-16,135.69,9.829591433785223,14.36959143378523,66.53188937724939,9.829591433785223,62.65188937724941,75,159,620.0,338.0,177.0,7863
2023-06-23,34.0,6.0,4.0,1.0,11.0,1.0,1.0,2023-06-23,136.36,13.991933954044953,14.661933954044974,65.99091532249038,13.991933954044953,62.22091532249033,59,157,782.0,453.0,216.0,9883
2023-06-30,42.0,4.0,1.0,0.0,7.0,1.0,0.0,2023-06-30,130.94,17.952045159117517,12.532045159117496,65.4622300086078,17.952045159117517,61.16223000860782,115,248,573.0,318.0,183.0,8973
2023-07-07,35.0,5.0,2.0,0.0,10.0,0.0,0.0,2023-07-07,116.86,26.28096005425094,12.200960054250936,66.7008535501047,26.28096005425094,62.31085355010475,123,501,549.0,289.0,165.0,8783
2023-07-14,24.0,7.0,1.0,1.0,10.0,0.0,1.0,2023-07-14,95.06,33.489678013977766,11.689678013977778,64.92747283789164,33.489678013977766,60.98747283789157,35,217,449.0,256.0,159.0,8980
2023-07-21,17.0,9.0,2.0,1.0,7.0,0.0,0.0,2023-07-21,105.31,1.0005840248072957,11.2505840248073,63.26402919226613,1.0005840248072957,61.37402919226611,66,191,604.0,288.0,168.0,8740
2023-07-28,20.0,3.0,3.0,1.0,6.0,0.0,0.0,2023-07-28,108.27,10.13854868383089,13.09854868383088,60.98439687455245,10.13854868383089,63.48439687455243,99,476,573.0,274.0,136.0,8708
2023-08-04,29.0,7.0,0.0,2.0,9.0,0.0,0.0,2023-08-04,109.01,12.099937924266186,12.839937924266197,58.79818643331436,12.099937924266186,64.69818643331439,162,530,533.0,192.0,153.0,8407
2023-08-11,17.0,6.0,4.0,1.0,6.0,0.0,0.0,2023-08-11,100.53,21.29254952895809,12.812549528958083,58.45643674369133,21.29254952895809,67.72643674369147,110,202,572.0,290.0,181.0,9325
2023-08-18,18.0,6.0,2.0,2.0,9.0,0.0,0.0,2023-08-18,91.9,22.557703416859752,13.927703416859758,56.84506831805757,22.557703416859752,67.74506831805752,37,124,608.0,315.0,216.0,9250
2023-08-25,16.0,7.0,3.0,3.0,7.0,0.0,0.0,2023-08-25,103.24,1.6688668686146286,13.00886686861462,55.162873361806106,1.6688668686146286,62.072873361806046,27,238,512.0,259.0,164.0,8238
2023-09-01,13.0,7.0,1.0,2.0,5.0,0.0,0.0,2023-09-01,108.57,6.720092383915585,12.050092383915588,52.95782086522096,6.720092383915585,45.717820865220915,101,455,440.0,252.0,146.0,8036
2023-09-08,26.0,7.0,1.0,3.0,14.0,0.0,1.0,2023-09-08,100.35,19.04168739527664,10.82168739527664,51.1758563955023,19.04168739527664,40.07585639550223,55,223,439.0,242.0,145.0,7179
2023-09-15,14.0,2.0,3.0,0.0,9.0,1.0,0.0,2023-09-15,112.64,-2.6102193737299615,9.67978062627004,48.9915111630473,-2.6102193737299615,41.0415111630474,84,447,490.0,256.0,171.0,8338
2023-09-22,23.0,3.0,1.0,0.0,9.0,0.0,0.0,2023-09-22,111.49,10.390508255766818,9.24050825576681,47.69014249190394,10.390508255766818,35.840142491903975,420,106,549.0,298.0,155.0,8509
2023-09-29,11.0,5.0,2.0,0.0,6.0,0.0,2.0,2023-09-29,108.69,12.12180760747522,9.321807607475227,46.393133874378464,12.12180760747522,45.09313387437851,70,103,566.0,346.0,188.0,8226
2023-10-06,21.0,10.0,0.0,8.0,10.0,0.0,0.0,2023-10-06,107.75,9.819233576279188,8.87923357627919,45.57252439714491,9.819233576279188,43.07252439714489,59,459,478.0,241.0,164.0,7494
2023-10-13,14.0,6.0,0.0,3.0,8.0,0.0,0.0,2023-10-13,106.96,9.422270270308658,8.632270270308647,45.8935605950252,9.422270270308658,42.66356059502516,15,164,509.0,317.0,196.0,7350
2023-10-20,16.0,8.0,2.0,4.0,6.0,0.0,1.0,2023-10-20,99.82,15.560906778380868,8.42090677838087,45.2083502503942,15.560906778380868,58.898350250394174,29,350,567.0,314.0,181.0,8363
2023-10-27,12.0,7.0,0.0,1.0,10.0,0.0,0.0,2023-10-27,99.74,8.459197731474205,8.379197731474205,44.1861102141606,8.459197731474205,62.746110214160694,37,205,584.0,262.0,232.0,8105
2023-11-03,9.0,2.0,0.0,3.0,7.0,0.0,0.0,2023-11-03,104.1,4.003460610382049,8.363460610382043,41.66951181573341,4.003460610382049,60.42951181573335,96,711,496.0,256.0,200.0,6702
2023-11-10,14.0,11.0,1.0,4.0,8.0,0.0,1.0,2023-11-10,102.63,9.537368120600677,8.067368120600678,37.95533910899384,9.537368120600677,54.385339108993776,19,103,600.0,273.0,296.0,8276
2023-11-17,11.0,4.0,1.0,2.0,7.0,0.0,0.0,2023-11-17,101.67,8.60977951635472,7.649779516354734,35.964977628162515,8.60977951635472,28.484977628162483,39,106,568.0,282.0,211.0,7653
2023-11-24,11.0,3.0,3.0,3.0,4.0,0.0,0.0,2023-11-24,99.47,9.47395744573818,7.27395744573817,35.209267250109086,9.47395744573818,34.43926725010908,50,91,415.0,185.0,157.0,6156
2023-12-01,15.0,11.0,2.0,3.0,9.0,0.0,0.0,2023-12-01,98.66,7.7436098277537155,6.93360982775372,36.86244068301346,7.7436098277537155,37.26244068301344,74,415,563.0,224.0,199.0,8133
2023-12-08,26.0,5.0,4.0,1.0,8.0,0.0,0.0,2023-12-08,100.07,5.867592296065794,7.277592296065786,38.92086430212721,5.867592296065794,39.92086430212726,4,237,729.0,340.0,219.0,8536
2023-12-15,15.0,3.0,7.0,0.0,10.0,0.0,1.0,2023-12-15,101.21,6.440582404520811,7.580582404520805,39.955333644773965,6.440582404520811,24.85533364477408,59,111,698.0,355.0,190.0,8645
2023-12-22,16.0,9.0,8.0,2.0,17.0,0.0,0.0,2023-12-22,102.14,6.2532300356843535,7.183230035684364,40.24824229165242,6.2532300356843535,23.70824229165237,65,168,513.0,245.0,161.0,8146
2023-12-29,26.0,7.0,9.0,5.0,14.0,0.0,1.0,2023-12-29,102.63,5.550126770379663,6.040126770379664,40.44450139786272,5.550126770379663,24.9845013978628,14,154,507.0,278.0,146.0,8023
2024-01-05,23.0,15.0,15.0,4.0,17.0,0.0,1.0,2024-01-05,101.41,6.879958942125697,5.659958942125701,38.94575725914408,6.879958942125697,24.915757259144016,208,516,510.0,277.0,145.0,7110
2024-01-12,33.0,10.0,14.0,1.0,17.0,0.0,0.0,2024-01-12,97.56,10.74758055578252,6.8975805557825325,37.24359099497366,10.74758055578252,41.71359099497363,26,216,608.0,333.0,188.0,6564
2024-01-19,23.0,16.0,15.0,5.0,20.0,0.0,3.0,2024-01-19,94.05,11.590339319664054,8.080339319664054,37.01187972246695,11.590339319664054,41.011879722466915,18,79,623.0,347.0,162.0,6483
2024-01-26,26.0,9.0,16.0,4.0,21.0,0.0,2.0,2024-01-26,109.39,-6.471612985372147,8.868387014627864,38.96468286865248,-6.471612985372147,46.514682868652585,74,146,593.0,341.0,164.0,6873
2024-02-02,17.0,7.0,14.0,2.0,13.0,0.0,0.0,2024-02-02,110.36,9.202265799491428,10.172265799491422,43.31065082488926,9.202265799491428,49.08065082488929,81,253,473.0,265.0,126.0,6185
2024-02-09,10.0,5.0,8.0,1.0,11.0,0.0,0.0,2024-02-09,109.77,12.25004720950632,11.660047209506324,46.12533741861694,12.25004720950632,46.12533741861694,30,105,457.0,241.0,120.0,5666
2024-02-16,7.0,8.0,9.0,0.0,14.0,0.0,1.0,2024-02-16,109.29,13.954793945152204,13.47479394515222,47.98319996431738,13.954793945152204,47.96319996431737,26,455,343.0,174.0,89.0,5343
2024-02-23,17.0,10.0,7.0,1.0,17.0,0.0,0.0,2024-02-23,87.91,36.5443429139894,15.16434291398938,48.58425913140135,36.5443429139894,51.59425913140137,58,162,414.0,213.0,100.0,5551
2024-03-01,16.0,11.0,11.0,2.0,13.0,0.0,0.0,2024-03-01,88.45,16.04132219330309,16.581322193303098,48.69142770486406,16.04132219330309,45.31142770486406,81,326,506.0,227.0,120.0,6301
2024-03-08,21.0,16.0,13.0,5.0,22.0,0.0,1.0,2024-03-08,104.13,2.1294036765203543,17.809403676520343,49.218198019262815,2.1294036765203543,39.08819801926279,33,189,578.0,230.0,138.0,7524
2024-03-15,32.0,13.0,7.0,4.0,9.0,0.0,0.0,2024-03-15,108.27,14.974949507075776,19.11494950707578,50.78156394432229,14.974949507075776,45.181563944322306,24,207,612.0,296.0,127.0,7440
2024-03-22,20.0,9.0,5.0,6.0,18.0,0.0,0.0,2024-03-22,104.03,26.18084209069866,21.94084209069867,53.10140419446535,26.18084209069866,43.751404194465294,47,114,739.0,280.0,146.0,7548
2024-03-29,19.0,10.0,17.0,4.0,13.0,0.0,0.0,2024-03-29,106.12,19.588222565901745,21.67822256590175,55.7566820119352,19.588222565901745,46.46668201193518,31,101,965.0,299.0,172.0,8105
2024-04-05,14.0,16.0,13.0,1.0,16.0,0.0,2.0,2024-04-05,108.84,20.309724888240737,23.029724888240747,56.984,20.309724888240737,47.09400000000005,114,271,1227.0,324.0,172.0,8360
2024-04-12,18.0,12.0,5.0,5.0,5.0,0.0,2.0,2024-04-12,110.78,25.160795675866662,27.10079567586667,59.505,25.160795675866662,44.39499999999998,64,158,969.0,271.0,127.0,7861
2024-04-19,16.0,5.0,10.0,2.0,9.0,0.0,0.0,2024-04-19,111.84,28.26357999999999,29.32358,61.475,28.26357999999999,57.32499999999993,199,128,1175.0,354.0,145.0,8432
2024-04-26,15.0,8.0,7.0,4.0,10.0,0.0,1.0,2024-04-26,114.5,30.889110000000016,33.54911,63.051,30.889110000000016,57.121000000000095,56,91,1241.0,369.0,195.0,8114
2024-05-03,5.0,6.0,7.0,3.0,7.0,0.0,0.0,2024-05-03,120.8,33.17173000000001,39.47173,64.076,33.17173000000001,49.65600000000006,65,279,1023.0,293.0,107.0,7491
2024-05-10,13.0,3.0,3.0,3.0,11.0,0.0,0.0,2024-05-10,125.13,35.689989999999995,40.01999,64.785,35.689989999999995,59.80499999999995,86,152,960.0,227.0,125.0,6900
2024-05-17,8.0,14.0,6.0,0.0,17.0,0.0,0.0,2024-05-17,130.08,33.136649999999975,38.08665,65.573,33.136649999999975,53.423,117,124,861.0,262.0,174.0,6951
2024-05-24,15.0,10.0,7.0,2.0,5.0,0.0,0.0,2024-05-24,132.53,36.85838000000001,39.30838,66.282,36.85838000000001,63.341999999999985,161,109,775.0,210.0,101.0,6996
2024-05-31,6.0,9.0,6.0,0.0,12.0,0.0,1.0,2024-05-31,132.78,35.08704,35.33704,67.07,35.08704,55.969999999999914,26,48,548.0,144.0,85.0,6449
2024-06-07,5.0,3.0,9.0,2.0,11.0,0.0,0.0,2024-06-07,129.83,38.06778,35.11778,64.312,38.06778,66.53200000000004,69,104,578.0,148.0,79.0,7804
2024-06-14,8.0,9.0,5.0,1.0,9.0,0.0,0.0,2024-06-14,139.92,26.63685000000001,36.72685,63.209,26.63685000000001,64.55899999999997,37,54,449.0,137.0,85.0,7590
2024-06-21,6.0,8.0,6.0,2.0,9.0,1.0,0.0,2024-06-21,148.58,27.342799999999983,36.0028,62.5,27.342799999999983,47.85000000000002,63,51,428.0,120.0,89.0,7394
2024-06-28,4.0,5.0,9.0,1.0,9.0,0.0,0.0,2024-06-28,159.96,25.44174000000001,36.82174,60.372,25.44174000000001,51.73199999999997,58,33,323.0,119.0,66.0,7496
2024-07-05,5.0,6.0,9.0,3.0,16.0,0.0,0.0,2024-07-05,168.61,23.047979999999995,31.69798,60.766,23.047979999999995,57.705999999999904,109,81,324.0,108.0,73.0,7110
2024-07-12,6.0,8.0,10.0,2.0,8.0,0.0,0.0,2024-07-12,173.26,25.400020000000012,30.05002,58.323,25.400020000000012,50.33299999999997,192,110,308.0,126.0,70.0,6855
2024-07-19,6.0,5.0,7.0,0.0,19.0,0.0,1.0,2024-07-19,170.81,34.31052,31.86052,52.098,34.31052,56.428,45,62,289.0,103.0,47.0,6754
2024-07-26,2.0,5.0,2.0,3.0,15.0,0.0,1.0,2024-07-26,174.41,27.32713000000001,30.92713,49.419,27.32713000000001,53.90899999999999,48,111,276.0,96.0,50.0,6787
2024-08-02,6.0,11.0,8.0,3.0,13.0,0.0,0.0,2024-08-02,178.18,27.151629999999983,30.92163,47.055,27.151629999999983,50.16499999999997,39,70,270.0,100.0,47.0,6446
2024-08-09,4.0,7.0,8.0,4.0,12.0,0.0,0.0,2024-08-09,163.51,44.661640000000006,29.99164,47.607,44.661640000000006,48.896999999999935,32,89,295.0,95.0,56.0,6679
2024-08-16,6.0,9.0,13.0,3.0,11.0,0.0,2.0,2024-08-16,183.97,8.554639999999978,29.01464,46.583,8.554639999999978,49.36299999999994,23,56,353.0,104.0,60.0,6753
2024-08-23,5.0,9.0,7.0,3.0,6.0,0.0,1.0,2024-08-23,184.19,30.26760999999999,30.48761,45.243,30.26760999999999,35.04300000000012,40,56,228.0,72.0,58.0,6590
2024-08-30,5.0,9.0,9.0,3.0,17.0,0.0,0.0,2024-08-30,187.06,26.592569999999995,29.46257,44.297,26.592569999999995,43.91699999999992,35,91,252.0,59.0,52.0,6894
2024-09-06,2.0,5.0,11.0,3.0,22.0,0.0,0.0,2024-09-06,196.99,16.41512,26.34512,43.667,16.41512,41.607000000000085,36,229,181.0,60.0,30.0,5538
2024-09-13,6.0,10.0,11.0,3.0,19.0,0.0,1.0,2024-09-13,173.49,52.03565,28.53565,41.539,52.03565,41.35900000000004,71,98,164.0,54.0,50.0,5605
2024-09-20,6.0,9.0,9.0,7.0,18.0,0.0,1.0,2024-09-20,184.96,15.047859999999986,26.51786,40.909,15.047859999999986,43.58899999999994,28,88,166.0,54.0,44.0,5428
2024-09-27,4.0,9.0,7.0,2.0,9.0,0.0,0.0,2024-09-27,198.44,7.497380000000021,20.97738,40.436,7.497380000000021,39.63600000000008,16,66,194.0,57.0,49.0,5619
2024-10-04,4.0,3.0,5.0,0.0,15.0,0.0,0.0,2024-10-04,201.63,18.99338,22.18338,40.042,18.99338,40.21199999999999,117,108,257.0,79.0,65.0,5885
2024-10-11,3.0,6.0,6.0,5.0,29.0,0.0,1.0,2024-10-11,202.13,23.635500000000008,24.1355,41.461,23.635500000000008,37.78100000000006,17,54,216.0,67.0,42.0,5372
2024-10-18,2.0,2.0,12.0,2.0,17.0,0.0,0.0,2024-10-18,201.16,27.458910000000003,26.48891,39.352941176470594,27.458910000000003,37.83294117647051,43,84,222.0,60.0,31.0,5435
2024-10-25,10.0,9.0,15.0,4.0,17.0,0.0,0.0,2024-10-25,203.39,22.66116381218896,24.89116381218895,39.000000000000014,22.66116381218896,34.200000000000045,68,48,175.0,91.0,46.0,5848
2024-11-01,3.0,9.0,7.0,3.0,13.0,0.0,0.0,2024-11-01,208.35,20.006141820607724,24.966141820607746,39.000000000000014,20.006141820607724,35.98000000000002,84,104,190.0,84.0,42.0,5654
2024-11-08,4.0,4.0,7.0,2.0,22.0,0.0,1.0,2024-11-08,209.49,24.276009871120465,25.41600987112048,39.441176470588246,24.276009871120465,39.37117647058824,12,80,180.0,84.0,46.0,6062
2024-11-15,13.0,4.0,10.0,9.0,12.0,0.0,1.0,2024-11-15,209.02,25.36116381218895,24.89116381218895,39.441176470588246,25.36116381218895,39.60117647058837,20,53,171.0,87.0,22.0,6499
2024-11-22,10.0,5.0,10.0,1.0,16.0,0.0,1.0,2024-11-22,200.5,33.26120779535137,24.74120779535136,39.17647058823529,33.26120779535137,35.87647058823518,53,131,203.0,100.0,45.0,6745
2024-11-29,3.0,6.0,8.0,5.0,20.0,0.0,0.0,2024-11-29,223.96,0.6064057195822556,24.066405719582264,36.617647058823536,0.6064057195822556,39.037647058823495,41,33,126.0,62.0,36.0,5792
2024-12-06,5.0,7.0,10.0,1.0,12.0,0.0,0.0,2024-12-06,218.44,26.887197416505813,21.367197416505803,35.294117647058826,26.887197416505813,45.32411764705887,104,155,144.0,62.0,41.0,6576
2024-12-13,5.0,4.0,20.0,1.0,16.0,0.0,0.0,2024-12-13,206.24,37.31609783744528,25.11609783744531,35.029411764705884,37.31609783744528,37.369411764705774,25,40,158.0,64.0,43.0,6396
2024-12-20,4.0,9.0,11.0,10.0,15.0,0.0,2.0,2024-12-20,210.88,16.8021754249246,21.4421754249246,34.67647058823529,16.8021754249246,42.00647058823529,73,74,169.0,56.0,44.0,6369
2024-12-27,6.0,15.0,9.0,1.0,11.0,0.0,0.0,2024-12-27,209.44,18.847768193974616,17.407768193974633,33.2470588235294,18.847768193974616,39.90705882352938,23,54,128.0,43.0,34.0,6039
